Id,FirstName,LastName,Address,City,Zip,Phone,Email
1,John ,Doe,1785 The exchange,Atlanta,30008,470-888-9999,john-doe@enhanceit.us
2,Jane ,Matthews,394 Hosea Road,Marieatta,30009,404-123-4566,jane_matt@gmail.com
3,Olga,Thomas,685 Yates Pl,Demopolis,36732,334-584-9032,othomas@hotmail.com
4,Marcus,Rainer,234 Ubosi Drive,Birmingham,35242,205-753-0993,marky_R@enhanceit.us
5,Lonnie ,Park,104 Bettis-Holden St,Austell ,30023,470-223-9043,lopark@gmail.com
6,Gina,Carter,295 Richmond Road,Miami,33179,786-542-4321,gc112@enhanceit.com
7,Walter,Johnson,489 Tanker Plaza,Miami Beach,33141,786-273-9322,waj786@hotmail.com
8,Irene,Watters,1743 Ingram-Moore St,North Miami,33429,786-546-3232,iwatt1911@yahoo.com
9,Peter ,Boykins,739 Highland Park,Mobile,34782,251-564-7643,pb251@yahoo.com
10,Tyler,Fisher,947 Lycos Road,Tyler,33482,323-893-3422,TyFish@enhanceit.com
